time,latitude,longitude,depth,mag,magType,nst,gap,dmin,rms,net,id,updated,place,type,horizontalError,depthError,magError,magNst,status,locationSource,magSource
2004-12-30T03:25:53.400Z,38.39,14.771,109.6,2.6,md,7,195.1,,,us,usp000dc69,2014-11-07T01:24:27.357Z,"16 km SW of Pianoconte, Italy",earthquake,,,,,reviewed,rom,rom
2004-12-24T18:17:00.300Z,38.553,15.08,236.1,2.7,md,23,56.6,,,us,usp000dbc8,2014-11-07T01:24:21.332Z,"12 km ENE of Canneto, Italy",earthquake,,,,,reviewed,rom,rom
2004-12-05T03:38:10.200Z,38.194,15.901,9.5,2.9,md,12,100.9,,,us,usp000da26,2014-11-07T01:24:13.851Z,"4 km SSW of Delianuova, Italy",earthquake,,,,,reviewed,rom,rom
2004-12-03T08:54:37.200Z,38.172,15.278,14.5,2.9,md,17,65.3,,,us,usp000d9wp,2014-11-07T01:24:12.779Z,"0 km ENE of San Filippo del Mela, Italy",earthquake,,,,,reviewed,rom,rom
2004-12-03T03:30:27.500Z,38.151,15.312,15.9,2.6,md,10,94.3,,,us,usp000d9w1,2014-11-07T01:24:12.572Z,"1 km SSW of Gualtieri Sicaminò, Italy",earthquake,,,,,reviewed,rom,rom
2004-11-15T13:02:00.200Z,39.354,16.051,5,2.6,ml,6,182.6,,,us,usp000d8hc,2014-11-07T01:24:01.133Z,"1 km SE of Paola, Italy",earthquake,,,,,reviewed,rom,rom
2004-11-06T02:45:14.500Z,37.843,14.221,7,2.5,ml,4,229.8,,,us,usp000d7sg,2014-11-07T01:23:56.521Z,"5 km NNE of Gangi, Italy",earthquake,,,,,reviewed,rom,rom
2004-11-06T02:31:21.600Z,37.766,14.009,31.7,2.5,ml,8,146.8,,,us,usp000d7sf,2014-11-07T01:23:56.519Z,"3 km SW of Castellana Sicula, Italy",earthquake,,,,,reviewed,rom,rom
2004-11-05T20:22:30.360Z,38.485,15.636,177.5,4.2,mb,97,69.2,,1.02,us,usp000d7ru,2014-11-07T01:23:56.440Z,"22 km NNE of Sparta', Italy",earthquake,,3.3,,20,reviewed,us,us
2004-11-03T18:57:15.300Z,37.821,14.826,10,2.6,ml,9,107.7,,,us,usp000d7mu,2014-11-07T01:23:55.475Z,"3 km WSW of Maletto, Italy",earthquake,,,,,reviewed,rom,rom
2004-10-26T12:56:42.800Z,39.136,15.117,264.6,3,md,43,59.3,,,us,usp000d746,2014-11-07T01:23:49.332Z,"66 km NNE of Malfa, Italy",earthquake,,,,,reviewed,rom,rom
2004-10-24T16:18:51.800Z,38.557,14.638,21.3,2.7,md,6,191.3,,,us,usp000d6zv,2014-11-07T01:23:48.714Z,"16 km W of Leni, Italy",earthquake,,,,,reviewed,rom,rom
2004-10-23T06:25:18.300Z,38.215,15.846,15.6,2.6,md,6,104.7,,,us,usp000d6ve,2014-11-07T01:23:47.804Z,"5 km S of Sant'Eufemia d'Aspromonte, Italy",earthquake,,,,,reviewed,rom,rom
2004-10-22T21:10:13.900Z,38.081,15.304,10.4,3.5,md,23,80,,,us,usp000d6uz,2014-11-07T01:23:47.754Z,"7 km SSE of Santa Lucia del Mela, Italy",earthquake,,,,,reviewed,rom,rom
2004-10-11T07:31:41.200Z,37.861,15.476,4.4,3.5,ml,35,92.3,,,us,usp000d66g,2014-11-07T01:23:44.431Z,"13 km ESE of Sant'Alessio Siculo, Italy",earthquake,,,,,reviewed,rom,rom
2004-10-09T11:45:30.100Z,38.279,14.737,5,2.5,md,5,136.9,,,us,usp000d62f,2014-11-07T01:23:43.846Z,"15 km N of Capo d'Orlando, Italy",earthquake,,,,,reviewed,rom,rom
2004-10-07T08:55:31.000Z,38.562,14.507,10.8,3.2,md,16,108.6,,,us,usp000d5y3,2014-11-07T01:23:43.039Z,"27 km W of Leni, Italy",earthquake,,,,,reviewed,rom,rom
2004-10-07T08:48:47.900Z,38.539,14.524,10,2.7,md,4,228.5,,,us,usp000d5y2,2014-11-07T01:23:43.037Z,"26 km W of Leni, Italy",earthquake,,,,,reviewed,rom,rom
2004-10-07T05:28:28.400Z,38.561,14.491,14.3,2.6,md,6,170.8,,,us,usp000d5xr,2014-11-07T01:23:42.972Z,"29 km W of Leni, Italy",earthquake,,,,,reviewed,rom,rom
2004-10-07T04:41:46.700Z,38.528,14.565,11.1,3.4,md,26,95.7,,,us,usp000d5xn,2014-11-07T01:23:42.966Z,"22 km W of Leni, Italy",earthquake,,,,,reviewed,rom,rom
2004-10-04T06:29:02.470Z,38.954,15.232,285,3.8,mb,65,45.8,,1.02,us,usp000d5qw,2014-11-07T01:23:41.753Z,"Sicily, Italy",earthquake,,2.9,,14,reviewed,us,us
2004-10-03T21:05:23.100Z,38.384,14.85,6.7,3.3,md,23,92.7,,,us,usp000d5q9,2014-11-07T01:23:41.549Z,"12 km SW of Pianoconte, Italy",earthquake,,,,,reviewed,rom,rom
2004-09-30T19:26:35.800Z,39.327,15.627,18.5,2.5,md,6,290.1,,,us,usp000d5ea,2014-11-07T01:23:35.572Z,"33 km SW of Cittadella del Capo, Italy",earthquake,,,,,reviewed,rom,rom
2004-09-28T14:29:33.200Z,39.403,16.244,5,3.1,md,11,144.5,,,us,usp000d57y,2014-11-07T01:23:34.329Z,"0 km S of Stazione Montalto-Coretto, Italy",earthquake,,,,,reviewed,rom,rom
2004-09-25T11:40:02.000Z,38.538,14.686,7.5,2.6,md,6,249.3,,,us,usp000d514,2014-11-07T01:23:33.435Z,"12 km W of Leni, Italy",earthquake,,,,,reviewed,rom,rom
2004-09-25T08:33:51.100Z,37.721,15.921,43.7,2.7,md,8,213,,,us,usp000d50v,2014-11-07T01:23:33.407Z,"22 km SSW of Palizzi Marina, Italy",earthquake,,,,,reviewed,rom,rom
2004-09-23T13:27:13.000Z,37.515,15.905,10,2.8,md,12,217.7,,,us,usp000d4xc,2014-11-07T01:23:32.948Z,"45 km S of Palizzi Marina, Italy",earthquake,,,,,reviewed,rom,rom
2004-09-22T04:32:55.400Z,37.939,15.653,53.2,2.9,md,21,139.4,,,us,usp000d4u9,2014-11-07T01:23:32.377Z,"3 km SSW of Lazzaro, Italy",earthquake,,,,,reviewed,rom,rom
2004-09-21T02:43:41.400Z,38.748,15.554,22.7,2.8,md,8,107.8,,,us,usp000d4rs,2014-11-07T01:23:31.924Z,"28 km WNW of Santa Domenica, Italy",earthquake,,,,,reviewed,rom,rom
2004-09-18T11:50:22.500Z,37.83,15.657,20.5,2.6,md,10,158.6,,,us,usp000d4j4,2014-11-07T01:23:30.554Z,"13 km SSW of Saline Ioniche, Italy",earthquake,,,,,reviewed,rom,rom
2004-09-12T13:28:46.200Z,37.91,14.607,13.2,2.9,md,13,122.4,,1,us,usp000d44x,2014-11-07T01:23:28.278Z,"10 km NW of San Teodoro, Italy",earthquake,,7.5,,,reviewed,us,rom
2004-08-29T16:51:18.400Z,39.195,16.417,5,3,md,14,111.6,,,us,usp000d34c,2014-11-07T01:23:17.339Z,"3 km N of Parenti, Italy",earthquake,,,,,reviewed,rom,rom
2004-08-29T14:35:41.400Z,39.146,16.225,10,2.5,md,7,145.4,,,us,usp000d345,2014-11-07T01:23:17.325Z,"1 km WNW of Grimaldi, Italy",earthquake,,,,,reviewed,rom,rom
2004-08-29T09:24:55.300Z,38.556,15.462,208.6,4.2,mb,186,25.3,,,us,usp000d33u,2014-11-07T01:23:17.292Z,"29 km NNW of Sparta', Italy",earthquake,,,,57,reviewed,rom,us
2004-08-29T08:33:04.600Z,38.578,15.434,159.2,2.6,md,4,227.6,,,us,usp000d33p,2014-11-07T01:23:17.286Z,"32 km NNW of Sparta', Italy",earthquake,,,,,reviewed,rom,rom
2004-08-25T20:21:30.500Z,38.928,16.261,10,2.7,md,5,130,,,us,usp000d2vj,2014-11-07T01:23:15.897Z,"1 km NE of Santa Eufemia Lamezia, Italy",earthquake,,,,,reviewed,rom,rom
2004-08-25T13:36:33.600Z,37.783,15.435,7.7,2.8,md,18,138.2,,,us,usp000d2uz,2014-11-07T01:23:15.851Z,"15 km ESE of Taormina, Italy",earthquake,,,,,reviewed,rom,rom
2004-08-19T18:52:11.000Z,37.52,14.683,20.1,2.7,md,9,113.4,,,us,usp000d2fr,2014-11-07T01:23:14.211Z,"4 km NE of Castel di Judica, Italy",earthquake,,,,,reviewed,rom,rom
2004-08-18T06:20:17.500Z,39.302,16.101,10,2.7,md,6,151.6,,,us,usp000d2c9,2014-11-07T01:23:13.727Z,"3 km NNE of Falconara Albanese, Italy",earthquake,,,,,reviewed,rom,rom
2004-08-16T03:13:29.800Z,37.812,16.281,30.8,2.5,md,5,229.9,,,us,usp000d28f,2014-11-07T01:23:13.129Z,"23 km SE of Weather Station, Italy",earthquake,,,,,reviewed,rom,rom
2004-08-15T18:21:05.000Z,38.62,16.248,9.1,3.3,md,22,82.5,,,us,usp000d27h,2014-11-07T01:23:13.033Z,"0 km SSW of Pizzoni, Italy",earthquake,,,,,reviewed,rom,rom
2004-08-11T10:04:42.000Z,38.933,15.913,14.5,2.8,md,11,97.4,,,us,usp000d1y0,2014-11-07T01:23:11.013Z,"20 km WSW of Nocera Scalo, Italy",earthquake,,,,,reviewed,rom,rom
2004-08-11T09:55:41.500Z,37.895,14.139,8.9,2.6,md,8,104.8,,,us,usp000d1xz,2014-11-07T01:23:11.011Z,"4 km NNW of Geraci Siculo, Italy",earthquake,,,,,reviewed,rom,rom
2004-08-08T08:09:14.600Z,38.328,15.027,11.2,2.5,md,10,172.1,,,us,usp000d1r7,2014-11-07T01:23:10.184Z,"16 km SSE of Lipari, Italy",earthquake,,,,,reviewed,rom,rom
2004-08-06T01:00:29.100Z,38.98,15.632,223.6,2.6,md,6,174,,,us,usp000d1kf,2014-11-07T01:23:09.465Z,"40 km NNW of Santa Domenica, Italy",earthquake,,,,,reviewed,rom,rom
2004-07-30T22:27:12.600Z,38.788,16.049,50.3,2.6,md,8,116.5,,,us,usp000d15g,2014-11-07T01:23:02.714Z,"7 km NNE of Briatico, Italy",earthquake,,,,,reviewed,rom,rom
2004-07-27T16:02:33.000Z,38.943,15.834,5,2.5,md,6,158.2,,,us,usp000d0yt,2014-11-07T01:22:59.464Z,"26 km WSW of Nocera Scalo, Italy",earthquake,,,,,reviewed,rom,rom
2004-07-23T07:23:41.900Z,38.6,14.252,17.2,2.7,md,6,176.7,,,us,usp000d0r1,2014-11-07T01:22:57.277Z,"50 km W of Leni, Italy",earthquake,,,,,reviewed,rom,rom
2004-07-22T06:29:15.400Z,38.954,15.908,11.8,2.5,md,8,151.7,,,us,usp000d0ny,2014-11-07T01:22:56.912Z,"19 km WSW of Nocera Scalo, Italy",earthquake,,,,,reviewed,rom,rom
2004-07-22T02:12:31.500Z,37.706,15.092,6.2,2.8,md,12,112.5,,,us,usp000d0np,2014-11-07T01:22:56.864Z,"2 km SW of Milo, Italy",earthquake,,,,,reviewed,rom,rom
2004-07-22T02:11:27.600Z,37.685,15.109,3.7,3.1,md,25,66.6,,,us,usp000d0nn,2014-11-07T01:22:56.862Z,"0 km NNE of Zafferana Etnea, Italy",earthquake,,,,,reviewed,rom,rom
2004-07-22T02:08:52.600Z,37.677,15.119,5.1,3,md,19,114,,,us,usp000d0nm,2014-11-07T01:22:56.860Z,"1 km E of Zafferana Etnea, Italy",earthquake,,,,,reviewed,rom,rom
2004-07-21T04:27:28.700Z,38.464,15.132,19.7,2.5,md,9,77.9,,,us,usp000d0kh,2014-11-07T01:22:56.407Z,"15 km ESE of Canneto, Italy",earthquake,,,,,reviewed,rom,rom
2004-07-17T16:43:34.900Z,37.862,16.477,10,2.8,md,7,273.5,,,us,usp000d0bj,2014-11-07T01:22:55.177Z,"34 km ESE of Brancaleone, Italy",earthquake,,,,,reviewed,rom,rom
2004-07-15T21:17:20.900Z,38.02,16.051,9.4,2.7,md,10,234.3,,,us,usp000d085,2014-11-07T01:22:54.490Z,"2 km NE of Staiti, Italy",earthquake,,,,,reviewed,rom,rom
2004-07-12T18:48:08.200Z,37.643,15.127,5,2.7,md,4,165.1,,,us,usp000d01h,2014-11-07T01:22:53.393Z,"0 km SSE of Pennisi, Italy",earthquake,,,,,reviewed,rom,rom
2004-07-09T17:16:17.100Z,39.197,16.419,4,2.7,md,8,114.2,,,us,usp000czv5,2014-11-07T01:22:52.469Z,"4 km N of Parenti, Italy",earthquake,,,,,reviewed,rom,rom
2004-07-05T15:58:31.400Z,39.272,15.527,258,2.6,md,8,178.5,,,us,usp000czm5,2014-11-07T01:22:51.182Z,"43 km SW of Cittadella del Capo, Italy",earthquake,,,,,reviewed,rom,rom
2004-07-02T03:13:29.300Z,38.108,14.792,136.3,2.5,md,7,161,,,us,usp000czd4,2014-11-07T01:22:49.001Z,"1 km SSE of Naso, Italy",earthquake,,,,,reviewed,rom,rom
2004-07-01T16:46:07.400Z,38.168,14.905,10,2.6,md,5,158.8,,,us,usp000czc8,2014-11-07T01:22:48.482Z,"0 km SE of Gioiosa Marea, Italy",earthquake,,,,,reviewed,rom,rom
2004-06-25T03:42:51.700Z,38.727,15.592,173.6,2.5,md,5,218,,,us,usp000cyqk,2014-11-07T01:22:41.195Z,"24 km WNW of Santa Domenica, Italy",earthquake,,,,,reviewed,rom,rom
2004-06-15T16:27:17.200Z,38.6,15.526,147.8,2.6,md,10,187.7,,,us,usp000cxz2,2014-11-07T01:22:38.056Z,"28 km W of San Nicolò, Italy",earthquake,,,,,reviewed,rom,rom
2004-06-15T02:35:37.700Z,38.404,15.285,121.4,2.5,md,4,274.5,,,us,usp000cxxt,2014-11-07T01:22:37.881Z,"20 km N of Milazzo, Italy",earthquake,,,,,reviewed,rom,rom
2004-06-14T17:10:30.100Z,37.709,15.221,5,2.8,md,15,118.4,,,us,usp000cxx0,2014-11-07T01:22:37.697Z,"2 km SSE of Riposto, Italy",earthquake,,,,,reviewed,rom,rom
2004-06-06T10:28:21.900Z,37.836,15.68,21.7,2.6,md,13,160.6,,,us,usp000cx82,2014-11-07T01:22:34.298Z,"11 km SSW of Melito di Porto Salvo, Italy",earthquake,,,,,reviewed,rom,rom
2004-06-01T11:18:32.000Z,37.804,15.098,5.7,2.9,md,13,99.1,,,us,usp000cwtz,2014-11-07T01:22:29.400Z,"5 km SW of Linguaglossa, Italy",earthquake,,,,,reviewed,rom,rom
2004-06-01T10:32:29.000Z,37.791,15.101,2.3,3.8,md,40,64.7,,,us,usp000cwtt,2014-11-07T01:22:29.324Z,"6 km NNW of Sant'Alfio, Italy",earthquake,,,,,reviewed,rom,pdg
2004-06-01T10:14:12.000Z,37.718,15.094,5,2.7,md,9,220.5,,,us,usp000cwtq,2014-11-07T01:22:29.298Z,"2 km WSW of Milo, Italy",earthquake,,,,,reviewed,rom,rom
2004-05-30T20:24:12.300Z,37.663,14.126,5,2.5,md,5,189.2,,,us,usp000cwnq,2014-11-07T01:22:26.426Z,"3 km SSE of Alimena, Italy",earthquake,,,,,reviewed,rom,rom
2004-05-29T14:29:51.600Z,38.606,14.532,9.2,2.8,md,8,184.2,,,us,usp000cwhq,2014-11-07T01:22:25.860Z,"26 km WNW of Leni, Italy",earthquake,,,,,reviewed,rom,rom
2004-05-29T13:05:21.600Z,38.601,14.532,14.1,2.7,md,5,245.7,,,us,usp000cwhj,2014-11-07T01:22:25.834Z,"26 km W of Leni, Italy",earthquake,,,,,reviewed,rom,rom
2004-05-29T13:01:54.700Z,38.549,14.605,17.1,3,md,14,98.4,,,us,usp000cwhh,2014-11-07T01:22:25.833Z,"19 km W of Leni, Italy",earthquake,,,,,reviewed,rom,rom
2004-05-29T12:57:44.000Z,38.588,14.612,11,3.1,md,16,98.5,,,us,usp000cwhf,2014-11-07T01:22:25.829Z,"Sicily, Italy",earthquake,,,,,reviewed,rom,rom
2004-05-29T12:36:00.600Z,38.537,14.634,9.9,4.1,mb,50,49,,,us,usp000cwhd,2014-11-07T01:22:25.819Z,"16 km W of Leni, Italy",earthquake,,,,2,reviewed,rom,us
2004-05-19T20:52:13.200Z,38.498,14.426,14.1,3.2,md,16,105.3,,,us,usp000cvkv,2014-11-07T01:22:21.307Z,"35 km W of Leni, Italy",earthquake,,,,,reviewed,rom,rom
2004-05-18T17:47:59.200Z,39.062,16.249,5,2.7,md,7,144.3,,,us,usp000cvfy,2014-11-07T01:22:20.831Z,"2 km SE of Martirano Lombardo, Italy",earthquake,,,,,reviewed,rom,rom
2004-05-17T21:52:25.800Z,37.655,15.159,4.6,2.7,md,9,112.9,,,us,usp000cvcm,2014-11-07T01:22:20.490Z,"2 km ESE of Linera, Italy",earthquake,,,,,reviewed,rom,rom
2004-05-16T20:44:27.900Z,38.562,14.787,13,3,md,13,102.4,,,us,usp000cv8q,2014-11-07T01:22:19.989Z,"3 km WNW of Leni, Italy",earthquake,,,,,reviewed,rom,rom
2004-05-16T09:06:48.200Z,37.769,15.222,3.8,3,md,13,114.5,,,us,usp000cv6r,2014-11-07T01:22:19.717Z,"2 km ENE of Mascali, Italy",earthquake,,,,,reviewed,rom,rom
2004-05-12T06:16:54.500Z,38.367,15.101,158.3,3,md,9,101.3,,,us,usp000cuu0,2014-11-07T01:22:17.705Z,"17 km SE of Lipari, Italy",earthquake,,,,,reviewed,rom,rom
2004-05-08T14:21:15.800Z,38.309,14.991,7.5,3,md,13,61.2,,,us,usp000cufr,2014-11-07T01:22:15.995Z,"16 km NNE of San Giorgio, Italy",earthquake,,,,,reviewed,rom,rom
2004-05-08T13:41:50.400Z,38.481,15.757,63.8,2.8,md,10,104.1,,,us,usp000cufh,2014-11-07T01:22:15.985Z,"13 km WNW of Gioia Tauro, Italy",earthquake,,,,,reviewed,rom,rom
2004-05-05T13:39:43.860Z,38.507,14.814,228.9,5.5,mwb,651,21.2,,1.22,us,usp000cu7w,2020-09-18T19:54:51.477Z,"5 km S of Leni, Italy",earthquake,,,,,reviewed,us,us
2004-05-02T19:45:30.900Z,37.689,14.731,21.4,2.5,md,8,133.7,,,us,usp000cu10,2014-11-07T01:22:13.313Z,"7 km N of Centuripe, Italy",earthquake,,,,,reviewed,rom,rom
2004-05-01T11:25:27.300Z,37.776,15.136,10,2.5,md,9,104.4,,,us,usp000ctxa,2014-11-07T01:22:11.851Z,"3 km N of Sant'Alfio, Italy",earthquake,,,,,reviewed,rom,rom
2004-04-27T21:30:10.900Z,37.651,15.322,5,2.5,md,11,137,,,us,usp000ctkq,2014-11-07T01:22:07.332Z,"12 km ESE of Carruba, Italy",earthquake,,,,,reviewed,rom,rom
2004-04-24T14:49:24.000Z,38.59,14.809,13.5,2.7,md,9,104.5,,,us,usp000cta7,2014-11-07T01:22:05.029Z,"",earthquake,,,,,reviewed,rom,rom
2004-04-17T07:11:06.300Z,38.955,16.29,10,2.6,md,7,139.5,,,us,usp000csrf,2014-11-07T01:22:00.886Z,"1 km SSE of Sambiase, Italy",earthquake,,,,,reviewed,rom,rom
2004-04-17T05:05:45.600Z,38.936,16.309,15.3,2.6,md,6,137.2,,,us,usp000csr3,2014-11-07T01:22:00.855Z,"2 km S of Lamezia Terme, Italy",earthquake,,,,,reviewed,rom,rom
2004-04-08T23:27:09.700Z,38.602,15.438,159.2,2.5,md,4,202,,,us,usp000cs0z,2014-11-07T01:21:56.061Z,"35 km NNW of Sparta', Italy",earthquake,,,,,reviewed,rom,rom
2004-04-06T04:16:17.300Z,38.81,16.32,3.5,2.8,md,12,114.7,,,us,usp000crtx,2014-11-07T01:21:55.221Z,"2 km SSE of Curinga, Italy",earthquake,,,,,reviewed,rom,rom
2004-04-03T07:23:21.800Z,38.522,14.884,10,2.5,md,4,238.2,,,us,usp000crjd,2014-11-07T01:21:53.273Z,"4 km SSE of Santa Marina Salina, Italy",earthquake,,,,,reviewed,rom,rom
2004-03-30T11:05:16.200Z,37.794,14.673,16.5,2.8,md,14,96.5,,,us,usp000cr9d,2014-11-07T01:21:48.796Z,"6 km SSW of San Teodoro, Italy",earthquake,,,,,reviewed,rom,rom
2004-03-27T03:54:47.400Z,38.545,14.822,10,3.2,md,17,92.7,,,us,usp000cqzt,2014-11-07T01:21:47.418Z,"1 km SSW of Leni, Italy",earthquake,,,,,reviewed,rom,rom
2004-03-27T03:04:01.300Z,38.531,14.831,11.9,3.3,md,19,84.4,,,us,usp000cqzq,2014-11-07T01:21:47.413Z,"2 km S of Leni, Italy",earthquake,,,,,reviewed,rom,rom
2004-03-13T14:17:26.200Z,37.642,15.165,5,2.7,md,9,114.3,,,us,usp000cpuy,2014-11-07T01:21:41.727Z,"3 km SE of Linera, Italy",earthquake,,,,,reviewed,rom,rom
2004-02-27T19:05:51.700Z,39.123,16.359,5,3,md,13,150.9,,,us,usp000cnhx,2014-11-07T01:21:31.456Z,"3 km W of Colosimi, Italy",earthquake,,,,,reviewed,rom,rom
2004-02-27T01:45:44.800Z,37.947,14.05,7.8,2.9,md,16,94.3,,,us,usp000cnex,2014-11-07T01:21:31.068Z,"3 km E of Isnello, Italy",earthquake,,,,,reviewed,rom,rom
2004-02-23T08:44:13.600Z,38.447,15.515,136.3,2.6,md,7,161.8,,,us,usp000cmv9,2014-11-07T01:21:24.945Z,"17 km N of Sparta', Italy",earthquake,,,,,reviewed,rom,rom
2004-02-21T18:22:23.900Z,38.324,15.305,145.5,2.8,md,17,57.6,,,us,usp000cmry,2014-11-07T01:21:23.937Z,"12 km NNW of Venetico Marina, Italy",earthquake,,,,,reviewed,rom,rom
2004-02-21T07:38:40.100Z,38.344,15.583,97.7,3,md,18,72.3,,,us,usp000cmr5,2014-11-07T01:21:23.884Z,"6 km NE of Sparta', Italy",earthquake,,,,,reviewed,rom,rom
2004-02-18T20:27:48.700Z,38.066,15.775,9.8,2.7,md,8,120.1,,,us,usp000cmgt,2014-11-07T01:21:22.549Z,"2 km SSE of Cardeto, Italy",earthquake,,,,,reviewed,rom,rom
2004-02-10T19:59:39.900Z,37.816,15.143,5,2.7,md,5,211.6,,,us,usp000ckx3,2014-11-07T01:21:20.089Z,"2 km S of Linguaglossa, Italy",earthquake,,,,,reviewed,rom,rom
2004-02-10T19:38:21.300Z,37.805,15.154,5,3,md,7,123.3,,,us,usp000ckx1,2014-11-07T01:21:20.085Z,"1 km W of Piedimonte Etneo, Italy",earthquake,,,,,reviewed,rom,rom
2004-02-05T23:54:18.000Z,38.174,14.813,111.5,2.9,md,10,108.6,,,us,usp000ckgy,2014-11-07T01:21:18.353Z,"2 km NNW of Brolo, Italy",earthquake,,,,,reviewed,rom,rom
2004-01-27T08:16:29.500Z,38.621,14.554,9.4,2.8,md,10,189.6,,,us,usp000cjsg,2014-11-07T01:21:08.407Z,"24 km WNW of Leni, Italy",earthquake,,,,,reviewed,rom,rom
2004-01-15T19:53:23.600Z,37.678,15.174,2.7,2.8,md,10,114,,,us,usp000chyg,2014-11-07T01:21:04.995Z,"1 km SW of Carruba, Italy",earthquake,,,,,reviewed,rom,rom
2004-01-11T03:42:02.300Z,38.483,15.097,5.4,2.8,md,12,80.6,,,us,usp000chmu,2014-11-07T01:21:02.371Z,"11 km E of Canneto, Italy",earthquake,,,,,reviewed,rom,rom
2004-01-04T03:37:02.100Z,39.06,16.445,10,2.6,md,5,184.5,,,us,usp000ch1u,2014-11-07T01:20:58.884Z,"0 km W of Panettieri, Italy",earthquake,,,,,reviewed,rom,rom
2003-12-30T16:40:12.000Z,39.02,15.354,290.2,4,mb,100,45.1,,,us,usp000cgjk,2014-11-07T01:20:51.621Z,"59 km NW of Santa Domenica, Italy",earthquake,,,,20,reviewed,rom,us
2003-12-23T12:14:12.700Z,37.664,15.138,5,2.6,md,8,109.7,,,us,usp000cfvr,2014-11-07T01:20:48.109Z,"0 km E of Linera, Italy",earthquake,,,,,reviewed,rom,rom
2003-12-22T08:21:41.700Z,38.735,16.175,5,2.8,md,5,151.8,,,us,usp000cfsj,2014-11-07T01:20:47.739Z,"2 km SSW of Pizzo, Italy",earthquake,,,,,reviewed,rom,rom
2003-12-20T02:57:39.300Z,37.703,15.219,5,2.5,md,7,118.6,,,us,usp000cfmk,2014-11-07T01:20:47.249Z,"3 km ENE of Carruba, Italy",earthquake,,,,,reviewed,rom,rom
2003-12-19T05:16:44.500Z,38.544,15.725,79,2.6,md,6,150.9,,,us,usp000cfhx,2014-11-07T01:20:46.827Z,"14 km SW of San Nicolò, Italy",earthquake,,,,,reviewed,rom,rom
2003-12-19T01:10:21.700Z,38.145,15.199,10,2.5,md,5,132.2,,,us,usp000cfhk,2014-11-07T01:20:46.803Z,"1 km WSW of Barcellona Pozzo di Gotto, Italy",earthquake,,,,,reviewed,rom,rom
2003-12-10T06:38:04.800Z,37.612,16.432,41.2,2.6,md,7,235.3,,,us,usp000cexw,2014-11-07T01:20:43.875Z,"48 km SE of Weather Station, Italy",earthquake,,,,,reviewed,rom,rom
2003-12-02T04:59:18.400Z,38.191,15.18,141.2,3,md,23,78.2,,,us,usp000ceb0,2014-11-07T01:20:39.031Z,"5 km NNW of Barcellona Pozzo di Gotto, Italy",earthquake,,,,,reviewed,rom,rom
2003-11-27T01:01:46.400Z,38.015,14.838,5.6,2.8,md,13,91.6,,,us,usp000cdyy,2014-11-07T01:20:33.917Z,"2 km SE of Tortorici, Italy",earthquake,,,,,reviewed,rom,rom
2003-11-22T04:03:51.000Z,38.575,15.862,185.6,2.8,md,12,144.4,,,us,usp000cdmv,2014-11-07T01:20:32.422Z,"3 km WSW of Joppolo, Italy",earthquake,,,,,reviewed,rom,rom
2003-11-18T06:08:43.100Z,39.173,16.41,5,3.5,ml,32,82,,,us,usp000cd8x,2014-11-07T01:20:30.912Z,"1 km N of Parenti, Italy",earthquake,,,,,reviewed,rom,rom
2003-11-10T18:46:06.800Z,38.681,14.109,10,2.7,md,4,189.1,,,us,usp000ccjk,2014-11-07T01:20:27.062Z,"63 km WNW of Leni, Italy",earthquake,,,,,reviewed,rom,rom
2003-11-08T00:09:24.800Z,38.335,15.689,37.6,2.7,md,16,82.7,,,us,usp000ccay,2014-11-07T01:20:25.680Z,"9 km NNW of Scilla, Italy",earthquake,,,,,reviewed,rom,rom
2003-11-05T21:46:09.400Z,38.507,14.641,5,2.5,md,4,206.1,,,us,usp000cc5d,2014-11-07T01:20:25.004Z,"16 km WSW of Leni, Italy",earthquake,,,,,reviewed,rom,rom
2003-11-01T06:31:41.200Z,38.64,14.501,15.4,2.6,md,6,259.7,,,us,usp000cbsw,2014-11-07T01:20:20.347Z,"29 km WNW of Leni, Italy",earthquake,,,,,reviewed,rom,rom
2003-10-29T01:00:11.500Z,39.226,15.702,5,2.9,md,9,162.2,,,us,usp000cbgy,2014-11-07T01:20:16.999Z,"31 km WSW of San Lucido, Italy",earthquake,,,,,reviewed,rom,rom
2003-10-22T12:46:56.900Z,37.66,15.188,5,2.6,md,7,116.8,,,us,usp000cb0d,2014-11-07T01:20:14.496Z,"3 km S of Carruba, Italy",earthquake,,,,,reviewed,rom,rom
2003-10-22T12:06:33.600Z,37.633,15.121,5,2.5,md,5,134.5,,,us,usp000cb0b,2014-11-07T01:20:14.493Z,"1 km N of Santa Maria la Stella, Italy",earthquake,,,,,reviewed,rom,rom
2003-10-12T03:59:01.800Z,38.168,15.096,10,2.5,md,8,107.1,,,us,usp000ca6u,2014-11-07T01:20:11.258Z,"4 km NNW of Tonnarella, Italy",earthquake,,,,,reviewed,rom,rom
2003-09-24T11:34:26.100Z,38.598,14.109,10,2.6,md,4,174.4,,,us,usp000c8ga,2014-11-07T01:19:55.675Z,"62 km N of Cefalù, Italy",earthquake,,,,,reviewed,rom,rom
2003-09-24T11:28:16.700Z,38.631,14.165,10,2.5,md,4,181.1,,,us,usp000c8g9,2014-11-07T01:19:55.674Z,"58 km W of Leni, Italy",earthquake,,,,,reviewed,rom,rom
2003-09-24T11:18:38.100Z,38.671,14.122,10,2.7,md,4,274.4,,,us,usp000c8g8,2014-11-07T01:19:55.673Z,"62 km WNW of Leni, Italy",earthquake,,,,,reviewed,rom,rom
2003-09-24T11:05:56.900Z,38.659,14.174,14.4,3.5,md,17,121.6,,,us,usp000c8g7,2014-11-07T01:19:55.671Z,"57 km WNW of Leni, Italy",earthquake,,,,,reviewed,rom,rom
2003-09-17T19:18:31.100Z,39.185,15.825,22.3,2.7,md,10,108.5,,,us,usp000c7vc,2014-11-07T01:19:51.252Z,"21 km W of Longobardi, Italy",earthquake,,,,,reviewed,rom,rom
2003-09-15T19:32:37.700Z,38.919,16.305,5,2.7,md,9,131.6,,,us,usp000c7n5,2014-11-07T01:19:49.800Z,"4 km E of Santa Eufemia Lamezia, Italy",earthquake,,,,,reviewed,rom,rom
2003-08-30T04:59:03.100Z,38.14,14.838,118.6,2.9,md,17,65.4,,,us,usp000c68q,2014-11-07T01:19:36.898Z,"2 km SSE of Brolo, Italy",earthquake,,,,,reviewed,rom,rom
2003-08-30T02:01:44.700Z,38.967,16.437,11.8,2.6,md,5,191.6,,,us,usp000c68b,2014-11-07T01:19:36.860Z,"3 km NW of Amato, Italy",earthquake,,,,,reviewed,rom,rom
2003-08-29T15:47:06.200Z,37.801,14.892,6.4,2.9,md,14,80.5,,,us,usp000c670,2014-11-07T01:19:36.677Z,"3 km SE of Maletto, Italy",earthquake,,,,,reviewed,rom,rom
2003-08-14T08:54:05.800Z,39.182,15.549,137.5,3,md,12,76.7,,,us,usp000c4up,2014-11-07T01:19:30.841Z,"45 km W of Fiumefreddo Bruzio, Italy",earthquake,,,,,reviewed,rom,rom
2003-08-13T01:03:19.400Z,38.979,16.286,10,2.8,md,7,139.6,,,us,usp000c4qs,2014-11-07T01:19:30.369Z,"1 km N of Sambiase, Italy",earthquake,,,,,reviewed,rom,rom
2003-08-10T13:41:05.200Z,38.223,16.004,5,2.5,md,5,136.5,,,us,usp000c4jn,2014-11-07T01:19:29.775Z,"3 km W of Platì, Italy",earthquake,,,,,reviewed,rom,rom
2003-07-30T08:38:38.100Z,37.653,15.154,5,2.7,md,6,137.8,,,us,usp000c3q8,2014-11-07T01:19:19.511Z,"1 km SE of Linera, Italy",earthquake,,,,,reviewed,rom,rom
2003-07-30T08:34:44.400Z,37.636,15.158,5,2.5,md,5,139.6,,,us,usp000c3q7,2014-11-07T01:19:19.509Z,"3 km NNW of Acireale, Italy",earthquake,,,,,reviewed,rom,rom
2003-07-25T13:44:38.900Z,39.095,16.281,10,2.6,md,5,153.8,,,us,usp000c3aq,2014-11-07T01:19:17.605Z,"1 km WNW of Motta Santa Lucia, Italy",earthquake,,,,,reviewed,rom,rom
2003-07-18T23:11:27.300Z,37.683,15.197,5,2.6,md,4,242.3,,,us,usp000c2uq,2014-11-07T01:19:15.098Z,"1 km SE of Carruba, Italy",earthquake,,,,,reviewed,rom,rom
2003-07-17T12:41:03.900Z,37.811,15.155,5,3.4,md,15,105,,,us,usp000c2qw,2014-11-07T01:19:13.952Z,"1 km WNW of Piedimonte Etneo, Italy",earthquake,,,,,reviewed,rom,rom
2003-07-15T04:03:50.800Z,37.641,15.365,5,2.7,md,5,145,,,us,usp000c2hk,2014-11-07T01:19:12.609Z,"16 km ESE of Carruba, Italy",earthquake,,,,,reviewed,rom,rom
2003-07-09T22:19:17.200Z,37.992,16.237,20.1,2.6,md,4,261.7,,,us,usp000c23f,2014-11-07T01:19:10.197Z,"11 km SE of Africo Nuovo, Italy",earthquake,,,,,reviewed,rom,rom
2003-07-09T10:25:03.700Z,38.588,15.424,238.2,3.3,md,164,26.6,,,us,usp000c226,2014-11-07T01:19:09.996Z,"34 km NNW of Sparta', Italy",earthquake,,,,,reviewed,rom,rom
2003-07-08T03:19:39.100Z,37.902,15.84,9.1,2.8,md,9,172.5,,,us,usp000c1yn,2014-11-07T01:19:09.563Z,"4 km SW of San Carlo-Condofuri Marina, Italy",earthquake,,,,,reviewed,rom,rom
2003-07-05T23:48:46.600Z,37.938,14.369,5,2.5,md,5,157.9,,,us,usp000c1rk,2014-11-07T01:19:08.564Z,"1 km NE of Mistretta, Italy",earthquake,,,,,reviewed,rom,rom
2003-07-01T23:49:36.600Z,38.138,15.205,5.9,3.6,ml,22,83.8,,,us,usp000c1f2,2014-11-07T01:19:05.640Z,"1 km SW of Barcellona Pozzo di Gotto, Italy",earthquake,,,,,reviewed,rom,rom
2003-06-29T04:45:35.200Z,38.565,15.385,157,2.6,md,4,222.3,,,us,usp000c17f,2014-11-07T01:19:00.686Z,"32 km NNW of Sparta', Italy",earthquake,,,,,reviewed,rom,rom
2003-06-27T14:56:13.600Z,37.727,15.183,5,2.8,md,7,113.1,,,us,usp000c13a,2014-11-07T01:19:00.317Z,"0 km NNE of Giarre, Italy",earthquake,,,,,reviewed,rom,rom
2003-06-15T23:20:49.700Z,38.397,14.847,134,2.7,md,5,164.1,,,us,usp000bzz7,2014-11-07T01:18:56.129Z,"11 km SW of Pianoconte, Italy",earthquake,,,,,reviewed,rom,rom
2003-06-13T23:52:35.600Z,38.117,15.092,10,2.6,md,7,146.7,,,us,usp000bztq,2014-11-07T01:18:55.433Z,"1 km E of Falcone, Italy",earthquake,,,,,reviewed,rom,rom
2003-06-13T23:19:27.300Z,38.19,15.059,7.9,3.4,md,21,73.9,,,us,usp000bztp,2014-11-07T01:18:55.430Z,"7 km N of Oliveri, Italy",earthquake,,,,,reviewed,rom,rom
2003-06-12T18:51:26.600Z,37.588,16.441,21.6,3.5,ml,19,245.7,,,us,usp000bzqv,2014-11-07T01:18:55.040Z,"51 km SE of Weather Station, Italy",earthquake,,,,,reviewed,rom,rom
2003-06-11T08:32:59.100Z,38.147,15.198,18.4,2.9,md,12,82.8,,,us,usp000bzmn,2014-11-07T01:18:54.409Z,"1 km W of Barcellona Pozzo di Gotto, Italy",earthquake,,,,,reviewed,rom,rom
2003-06-11T07:15:25.600Z,38.036,15.205,9.9,2.7,md,10,169.2,,,us,usp000bzmg,2014-11-07T01:18:54.384Z,"6 km NNE of Fondachelli-Fantina, Italy",earthquake,,,,,reviewed,rom,rom
2003-06-09T06:32:12.700Z,38.507,14.771,21.1,2.8,md,6,171.9,,,us,usp000bzez,2014-11-07T01:18:53.040Z,"7 km SW of Leni, Italy",earthquake,,,,,reviewed,rom,rom
2003-06-09T00:28:51.400Z,38.035,14.21,5,2.6,md,7,137.2,,,us,usp000bzea,2014-11-07T01:18:52.957Z,"4 km ENE of Finale, Italy",earthquake,,,,,reviewed,rom,rom
2003-06-08T21:56:03.900Z,38.724,14.91,133.9,2.6,md,5,270.2,,,us,usp000bze0,2014-11-07T01:18:52.747Z,"17 km NNE of Malfa, Italy",earthquake,,,,,reviewed,rom,rom
2003-06-08T16:52:01.900Z,38.603,14.699,294.6,2.8,md,6,180.6,,,us,usp000bzd9,2014-11-07T01:18:52.628Z,"12 km WNW of Leni, Italy",earthquake,,,,,reviewed,rom,rom
2003-06-05T22:23:18.600Z,38.258,15.145,108.8,2.7,md,9,180.9,,,us,usp000bz5w,2014-11-07T01:18:51.568Z,"9 km WNW of Milazzo, Italy",earthquake,,,,,reviewed,rom,rom
2003-06-02T09:47:34.400Z,38.349,15.014,10,2.7,md,4,141.8,,,us,usp000byuh,2014-11-07T01:18:49.061Z,"14 km SSE of Lipari, Italy",earthquake,,,,,reviewed,rom,rom
2003-05-25T09:23:55.600Z,37.742,15.181,5,2.5,md,7,113.8,,,us,usp000by3x,2014-11-07T01:18:42.193Z,"1 km N of Giarre, Italy",earthquake,,,,,reviewed,rom,rom
2003-05-25T08:29:02.300Z,37.731,15.171,5,2.5,md,6,112.9,,,us,usp000by3q,2014-11-07T01:18:42.180Z,"1 km ESE of San Giovanni, Italy",earthquake,,,,,reviewed,rom,rom
2003-05-07T17:35:42.000Z,38.15,15.628,9.2,2.5,md,4,152.4,,,us,usp000bwsv,2014-11-07T01:18:35.364Z,"5 km NNW of Reggio Calabria, Italy",earthquake,,,,,reviewed,rom,rom
2003-05-06T05:01:08.400Z,38.838,15.736,219,3,md,6,171.6,,,us,usp000bwq2,2014-11-07T01:18:34.990Z,"22 km NNW of Santa Domenica, Italy",earthquake,,,,,reviewed,rom,rom
2003-05-05T06:31:59.300Z,39.066,16.144,70.8,3.3,md,26,100.1,,,us,usp000bwn9,2014-11-07T01:18:34.522Z,"2 km SSW of Cleto, Italy",earthquake,,,,,reviewed,rom,pdg
2003-04-24T06:05:30.300Z,38.083,15.173,10,2.5,md,6,159.9,,,us,usp000bvv9,2014-11-07T01:18:25.417Z,"2 km S of Rodì, Italy",earthquake,,,,,reviewed,rom,rom
2003-04-21T17:47:09.400Z,38.149,15.166,9.1,2.7,md,12,87.5,,,us,usp000bvpp,2014-11-07T01:18:23.838Z,"1 km NNE of Terme, Italy",earthquake,,,,,reviewed,rom,rom
2003-04-21T16:02:07.200Z,38.123,15.197,8.7,2.5,md,8,104.7,,,us,usp000bvpm,2014-11-07T01:18:23.835Z,"2 km NE of Rodì, Italy",earthquake,,,,,reviewed,rom,rom
2003-04-21T13:17:28.500Z,38.1,15.176,10,2.5,md,6,160.1,,,us,usp000bvp8,2014-11-07T01:18:23.788Z,"1 km SSE of Rodì, Italy",earthquake,,,,,reviewed,rom,rom
2003-04-05T13:44:35.500Z,38.585,16.089,14.7,2.5,md,6,135.5,,,us,usp000buek,2014-11-07T01:18:17.601Z,"2 km ESE of Paravati, Italy",earthquake,,,,,reviewed,rom,rom
2003-04-04T06:15:10.500Z,38.8,16.376,23.6,3.2,md,12,142,,,us,usp000buax,2014-11-07T01:18:16.464Z,"5 km S of Jacurso, Italy",earthquake,,,,,reviewed,rom,rom
2003-04-03T02:01:39.000Z,38.798,16.379,25.1,2.7,md,8,146.4,,,us,usp000bu84,2014-11-07T01:18:15.612Z,"5 km SW of Girifalco, Italy",earthquake,,,,,reviewed,rom,rom
2003-04-02T05:41:59.100Z,39.118,15.524,248.9,3.1,md,17,107.5,,,us,usp000bu5p,2014-11-07T01:18:14.891Z,"47 km W of Amantea, Italy",earthquake,,,,,reviewed,rom,rom
2003-03-29T00:49:22.800Z,38.237,15.212,106.4,2.5,md,5,138.1,,,us,usp000btqx,2014-11-07T01:18:09.387Z,"3 km NW of Milazzo, Italy",earthquake,,,,,reviewed,rom,rom
2003-03-21T03:57:05.800Z,38.468,15.535,125.7,2.6,md,6,115.1,,,us,usp000bt50,2014-11-07T01:18:07.126Z,"19 km N of Sparta', Italy",earthquake,,,,,reviewed,rom,rom
2003-03-21T01:37:00.300Z,38.671,14.103,21.7,2.8,md,5,187.2,,,us,usp000bt4r,2014-11-07T01:18:07.105Z,"64 km WNW of Leni, Italy",earthquake,,,,,reviewed,rom,rom
2003-03-14T03:42:32.800Z,37.627,15.136,5,2.7,md,7,138.2,,,us,usp000bsm1,2014-11-07T01:18:04.517Z,"1 km ENE of Santa Maria la Stella, Italy",earthquake,,,,,reviewed,rom,rom
2003-03-12T05:49:23.200Z,38.063,15.993,5,2.8,md,6,176.3,,,us,usp000bsfq,2014-11-07T01:18:03.483Z,"0 km ESE of Africo Vecchio, Italy",earthquake,,,,,reviewed,rom,rom
2003-03-12T00:10:13.900Z,38.052,15.993,5.2,2.8,md,11,150.2,,,us,usp000bsf3,2014-11-07T01:18:03.295Z,"1 km SSE of Africo Vecchio, Italy",earthquake,,,,,reviewed,rom,rom
2003-03-11T18:02:13.400Z,38.933,15.623,10,2.6,md,8,180.2,,,us,usp000bsea,2014-11-07T01:18:03.228Z,"36 km NW of Santa Domenica, Italy",earthquake,,,,,reviewed,rom,rom
2003-03-09T08:28:48.900Z,37.638,15.12,5,2.5,md,4,124.3,,,us,usp000bs8z,2014-11-07T01:18:02.532Z,"1 km SSW of Pennisi, Italy",earthquake,,,,,reviewed,rom,rom
2003-03-09T07:56:00.200Z,37.661,15.205,5,2.8,md,13,119.8,,,us,usp000bs8v,2014-11-07T01:18:02.523Z,"3 km SSE of Carruba, Italy",earthquake,,,,,reviewed,rom,rom
2003-03-08T02:19:09.600Z,37.954,15.896,8.2,2.5,md,5,240,,,us,usp000bs5w,2014-11-07T01:18:01.424Z,"2 km NW of Bova Marina, Italy",earthquake,,,,,reviewed,rom,rom
2003-03-07T06:11:43.200Z,38.663,15.6,140.3,2.7,md,5,185,,,us,usp000bs44,2014-11-07T01:18:00.388Z,"22 km W of San Nicolò, Italy",earthquake,,,,,reviewed,rom,rom
2003-03-06T02:06:35.100Z,38.005,14.683,12.4,2.7,md,9,103.4,,,us,usp000bs1d,2014-11-07T01:18:00.100Z,"2 km SW of Alcara Li Fusi, Italy",earthquake,,,,,reviewed,rom,rom
2003-03-02T23:17:31.800Z,39.216,16.416,10,2.8,md,11,177.8,,,us,usp000brub,2014-11-07T01:17:58.020Z,"6 km N of Parenti, Italy",earthquake,,,,,reviewed,rom,rom
2003-02-28T01:33:52.800Z,39.142,16.172,8.2,2.5,md,7,,,,us,usp000brmf,2014-11-07T01:17:53.114Z,"2 km NNE of Aiello Calabro, Italy",earthquake,,,,,reviewed,rom,rom
2003-02-25T07:22:18.500Z,38.572,14.576,17,2.9,md,5,,,,us,usp000bres,2014-11-07T01:17:52.067Z,"21 km W of Leni, Italy",earthquake,,,,,reviewed,rom,rom
2003-02-22T09:25:25.200Z,38.65,15.484,178.1,2.5,md,5,,,,us,usp000br6j,2014-11-07T01:17:50.862Z,"32 km W of San Nicolò, Italy",earthquake,,,,,reviewed,rom,rom
2003-02-13T05:33:04.400Z,37.789,15.151,10,3.9,ml,21,,,,us,usp000bqk9,2014-11-07T01:17:47.667Z,"2 km SW of Piedimonte Etneo, Italy",earthquake,,,,,reviewed,rom,rom
2003-02-13T05:32:43.300Z,37.792,15.17,10,2.7,md,9,,,,us,usp000bqk8,2014-11-07T01:17:47.665Z,"1 km SSW of Piedimonte Etneo, Italy",earthquake,,,,,reviewed,rom,rom
2003-02-12T08:57:18.000Z,37.825,15.389,7.6,2.8,md,16,,,,us,usp000bqgy,2014-11-07T01:17:47.317Z,"9 km ESE of Taormina, Italy",earthquake,,,,,reviewed,rom,rom
2003-02-12T01:23:15.400Z,38.157,15.156,12.5,2.5,md,10,,,,us,usp000bqgc,2014-11-07T01:17:47.261Z,"2 km N of Terme, Italy",earthquake,,,,,reviewed,rom,rom
2003-01-25T03:29:20.500Z,37.606,15.153,5,2.5,md,4,,,,us,usp000bp4x,2014-11-07T01:17:38.074Z,"1 km E of Aci Catena, Italy",earthquake,,,,,reviewed,rom,rom
2003-01-19T00:34:59.500Z,37.667,15.158,5,2.6,md,4,,,,us,usp000bnsz,2014-11-07T01:17:36.381Z,"1 km E of Linera, Italy",earthquake,,,,,reviewed,rom,rom
2003-01-14T14:48:52.700Z,37.594,14.071,5,2.8,md,5,,,,us,usp000bnj4,2014-11-07T01:17:35.371Z,"3 km E of Santa Caterina Villarmosa, Italy",earthquake,,,,,reviewed,rom,rom
2003-01-14T14:47:47.200Z,37.645,14.101,5,2.5,md,10,,,,us,usp000bnj3,2014-11-07T01:17:35.370Z,"5 km SSW of Alimena, Italy",earthquake,,,,,reviewed,rom,rom
2003-01-12T23:42:58.100Z,38.669,14.036,5,2.5,md,4,,,,us,usp000bnfg,2014-11-07T01:17:35.058Z,"69 km W of Leni, Italy",earthquake,,,,,reviewed,rom,rom
2003-01-05T15:53:26.500Z,37.764,15.351,6.8,2.7,md,9,,,,us,usp000bn44,2014-11-07T01:17:32.882Z,"10 km SE of Giardini-Naxos, Italy",earthquake,,,,,reviewed,rom,rom
2003-01-04T17:25:39.300Z,37.715,16.356,50.7,3.2,md,37,,,,us,usp000bn2h,2014-11-07T01:17:32.586Z,"35 km SE of Weather Station, Italy",earthquake,,,,,reviewed,rom,rom
2003-01-03T11:44:03.300Z,37.593,16.182,10,2.5,md,4,,,,us,usp000bmzs,2014-11-07T01:17:31.748Z,"40 km SSE of Palizzi Marina, Italy",earthquake,,,,,reviewed,rom,rom
2002-12-31T21:11:37.300Z,37.811,14.258,9.7,2.9,md,14,,,,us,usp000bmtw,2014-11-07T01:17:27.095Z,"5 km ENE of Gangi, Italy",earthquake,,,,,reviewed,rom,rom
2002-12-27T10:37:17.100Z,37.784,15.171,5,3.3,ml,11,,,,us,usp000bmgz,2014-11-07T01:17:26.160Z,"2 km S of Piedimonte Etneo, Italy",earthquake,,,,,reviewed,rom,rom
2002-12-25T18:46:57.900Z,37.737,14.738,7,2.5,md,9,,,,us,usp000bmdr,2014-11-07T01:17:25.864Z,"10 km SW of Bronte, Italy",earthquake,,,,,reviewed,rom,rom
2002-12-24T13:32:09.100Z,37.823,15.153,5,2.5,md,6,,,,us,usp000bmb4,2014-11-07T01:17:25.505Z,"2 km SSE of Linguaglossa, Italy",earthquake,,,,,reviewed,rom,rom
2002-12-24T01:12:59.200Z,37.819,15.153,5,4,md,37,,,,us,usp000bm9x,2014-11-07T01:17:25.314Z,"2 km NW of Piedimonte Etneo, Italy",earthquake,,,,,reviewed,rom,pdg
2002-12-22T18:20:06.500Z,37.809,15.155,5,2.5,md,9,,,,us,usp000bm6p,2014-11-07T01:17:24.433Z,"1 km W of Piedimonte Etneo, Italy",earthquake,,,,,reviewed,rom,rom
2002-12-18T02:44:42.900Z,38.69,15.896,185.4,2.8,md,11,,,,us,usp000bkwt,2014-11-07T01:17:22.400Z,"1 km N of Tropea, Italy",earthquake,,,,,reviewed,rom,rom
2002-12-17T23:13:42.600Z,38.195,15.071,14,2.6,md,10,,,,us,usp000bkwf,2014-11-07T01:17:22.368Z,"7 km N of Oliveri, Italy",earthquake,,,,,reviewed,rom,rom
2002-12-06T05:51:55.700Z,38.48,14.191,5,2.8,md,10,,,,us,usp000bk6q,2014-11-07T01:17:18.997Z,"51 km NNE of Cefalù, Italy",earthquake,,,,,reviewed,rom,rom
2002-12-05T22:59:57.800Z,37.749,15.124,5,3.1,md,12,,,,us,usp000bk5y,2014-11-07T01:17:18.938Z,"1 km WNW of Sant'Alfio, Italy",earthquake,,,,,reviewed,rom,rom
2002-12-04T13:16:33.200Z,37.691,15.205,5,2.8,md,5,,,,us,usp000bk3e,2014-11-07T01:17:18.628Z,"1 km E of Carruba, Italy",earthquake,,,,,reviewed,rom,rom
2002-12-04T08:34:38.300Z,37.453,16.323,21.2,2.5,md,4,,,,us,usp000bk30,2014-11-07T01:17:18.524Z,"59 km SSE of Weather Station, Italy",earthquake,,,,,reviewed,rom,rom
2002-12-04T05:17:25.700Z,37.541,15.165,5,2.8,md,6,,,,us,usp000bk2s,2014-11-07T01:17:18.501Z,"2 km SSE of Acitrezza, Italy",earthquake,,,,,reviewed,rom,rom
2002-12-03T21:07:59.700Z,37.521,15.118,5,2.8,md,6,,,,us,usp000bk1w,2014-11-07T01:17:18.367Z,"2 km SSE of Cerza, Italy",earthquake,,,,,reviewed,rom,rom
2002-12-03T13:50:27.100Z,37.833,15.172,5,2.8,md,9,,,,us,usp000bk1d,2014-11-07T01:17:18.222Z,"2 km N of Piedimonte Etneo, Italy",earthquake,,,,,reviewed,rom,rom
2002-12-02T12:28:15.000Z,37.684,15.236,5,3.3,md,11,,,,us,usp000bjy5,2014-11-07T01:17:17.623Z,"4 km E of Carruba, Italy",earthquake,,,,,reviewed,rom,rom
2002-12-02T12:20:36.900Z,37.808,14.856,10,2.8,md,4,,,,us,usp000bjy4,2014-11-07T01:17:17.621Z,"2 km SSW of Maletto, Italy",earthquake,,,,,reviewed,rom,rom
2002-12-02T02:22:03.700Z,37.785,16.225,4.7,2.7,md,4,,,,us,usp000bjwm,2014-11-07T01:17:16.780Z,"22 km SSE of Weather Station, Italy",earthquake,,,,,reviewed,rom,rom
2002-12-01T16:18:02.000Z,38.719,14.842,296.5,4.5,mb,250,,,,us,usp000bjvh,2014-11-07T01:17:16.452Z,"15 km N of Malfa, Italy",earthquake,,,,71,reviewed,rom,us
2002-11-27T11:31:37.900Z,38.431,15.26,173,2.6,md,4,,,,us,usp000bjh3,2014-11-07T01:17:11.686Z,"Sicily, Italy",earthquake,,,,,reviewed,rom,rom
2002-11-27T04:40:46.000Z,37.66,15.159,5,2.8,md,11,,,,us,usp000bjgc,2014-11-07T01:17:11.552Z,"2 km ESE of Linera, Italy",earthquake,,,,,reviewed,rom,rom
2002-11-24T06:59:59.400Z,37.656,15.152,5,4.1,md,37,,,,us,usp000bj9g,2014-11-07T01:17:10.773Z,"1 km ESE of Linera, Italy",earthquake,,,,,reviewed,rom,pdg
2002-10-29T17:14:51.990Z,37.728,15.334,10,3.9,mb,54,,,1.3,us,usp000bfm7,2014-11-07T01:16:50.613Z,"11 km E of Riposto, Italy",earthquake,,,,5,reviewed,us,us
2002-10-29T16:39:47.520Z,37.688,15.556,10,4.1,md,41,,,1.21,us,usp000bfm5,2014-11-07T01:16:50.606Z,"29 km ESE of Giardini-Naxos, Italy",earthquake,,,,,reviewed,us,pdg
2002-10-29T10:02:21.510Z,37.67,15.267,10,4.3,mb,68,,,1.43,us,usp000bfkj,2020-09-18T19:09:15.161Z,"7 km ESE of Carruba, Italy",earthquake,,,,6,reviewed,us,us
2002-10-27T07:32:08.700Z,37.92,15.179,10,3.9,mb,51,,,1.27,us,usp000bfff,2014-11-07T01:16:49.444Z,"2 km NNE of Motta Camastra, Italy",earthquake,,,,2,reviewed,us,us
2002-10-27T06:06:56.380Z,37.787,15.188,10,4.2,mb,54,,,1.32,us,usp000bff7,2014-11-07T01:16:49.424Z,"Sicily, Italy",earthquake,,,,4,reviewed,us,us
2002-10-27T02:50:26.190Z,37.795,15.16,10,4.3,mb,121,,,1.15,us,usp000bff2,2014-11-07T01:16:49.403Z,"1 km SW of Piedimonte Etneo, Italy",earthquake,,,,27,reviewed,us,us
2002-10-27T02:42:15.040Z,37.836,15.168,10,4.4,mb,28,,,1.34,us,usp000bff1,2014-11-07T01:16:49.399Z,"2 km ESE of Linguaglossa, Italy",earthquake,,,,2,reviewed,us,us
2002-10-27T02:39:11.760Z,37.8,15.136,10,3.9,md,17,,,1.45,us,usp000bff0,2014-11-07T01:16:49.395Z,"3 km WSW of Piedimonte Etneo, Italy",earthquake,,,,,reviewed,us,pdg
2002-10-27T02:29:30.620Z,37.837,15.254,10,3.9,md,17,,,0.81,us,usp000bfez,2014-11-07T01:16:49.392Z,"0 km NNE of Chianchitta-Trappitello, Italy",earthquake,,,,,reviewed,us,pdg
2002-10-27T01:58:13.160Z,37.717,15.094,10,4.3,mb,73,,,1.23,us,usp000bfey,2014-11-07T01:16:49.371Z,"2 km WSW of Milo, Italy",earthquake,,,,16,reviewed,us,us
2002-10-27T01:28:21.140Z,37.793,15.201,10,3.9,mb,25,,,1.49,us,usp000bfex,2014-11-07T01:16:49.365Z,"0 km WNW of Fiumefreddo Sicilia, Italy",earthquake,,,,6,reviewed,us,us
2002-10-27T00:58:11.560Z,37.558,14.905,10,3.7,ml,20,,,1.35,us,usp000bfet,2014-11-07T01:16:49.354Z,"0 km SSE of Paternò, Italy",earthquake,,,,,reviewed,us,rom
2002-10-13T10:07:39.800Z,37.949,14.244,23.8,2.6,md,8,,,,us,usp000beev,2014-11-07T01:16:45.070Z,"3 km S of Tusa, Italy",earthquake,,,,,reviewed,rom,rom
2002-10-01T08:45:51.700Z,37.857,15.059,10,2.7,md,4,,,,us,usp000bdjs,2014-11-07T01:16:39.275Z,"4 km S of Moio Alcantara, Italy",earthquake,,,,,reviewed,rom,rom
2002-09-30T23:11:34.400Z,37.977,15.009,5,2.8,md,8,,,,us,usp000bdhu,2014-11-07T01:16:36.833Z,"4 km N of Roccella Valdemone, Italy",earthquake,,,,,reviewed,rom,rom
2002-09-30T23:11:21.600Z,38.096,14.972,5,2.5,md,8,,,,us,usp000bdht,2014-11-07T01:16:36.832Z,"1 km E of Librizzi, Italy",earthquake,,,,,reviewed,rom,rom
2002-09-22T16:01:52.000Z,37.759,15.201,5,3.7,md,17,,,,us,usp000bcwh,2014-11-07T01:16:33.852Z,"0 km ENE of Mascali, Italy",earthquake,,,,,reviewed,rom,rom
2002-09-21T22:57:15.100Z,38.767,14.151,10,2.8,md,5,,,,us,usp000bcuf,2014-11-07T01:16:33.607Z,"63 km WNW of Leni, Italy",earthquake,,,,,reviewed,rom,rom
2002-09-17T03:33:56.300Z,38.637,14.027,5,2.6,md,4,,,,us,usp000bcf1,2014-11-07T01:16:32.115Z,"66 km N of Cefalù, Italy",earthquake,,,,,reviewed,rom,rom
2002-09-16T18:53:37.400Z,38.395,14.703,11,3.1,md,8,,,,us,usp000bce3,2014-11-07T01:16:32.024Z,"20 km SSW of Leni, Italy",earthquake,,,,,reviewed,rom,rom
2002-09-08T04:17:50.900Z,38.175,15.153,26.6,2.5,md,6,,,,us,usp000bbmd,2014-11-07T01:16:28.743Z,"4 km N of Terme, Italy",earthquake,,,,,reviewed,rom,rom
2002-09-04T00:19:36.300Z,38.635,14.258,10,2.7,md,6,,,,us,usp000bb7b,2014-11-07T01:16:26.315Z,"50 km W of Leni, Italy",earthquake,,,,,reviewed,rom,rom
2002-09-03T14:02:05.000Z,37.687,15.006,5,2.8,md,9,,,,us,usp000bb6e,2014-11-07T01:16:26.040Z,"7 km NNW of Nicolosi, Italy",earthquake,,,,,reviewed,rom,rom
2002-09-03T01:58:09.000Z,38.715,15.798,52.4,2.5,md,6,,,,us,usp000bb5n,2014-11-07T01:16:25.904Z,"8 km NW of Santa Domenica, Italy",earthquake,,,,,reviewed,rom,rom
2002-09-01T23:45:28.800Z,37.576,16.094,17.5,2.8,md,5,,,,us,usp000bb2w,2014-11-07T01:16:24.983Z,"39 km SSE of Palizzi Marina, Italy",earthquake,,,,,reviewed,rom,rom
2002-08-31T23:29:27.500Z,37.67,15.017,3.3,2.9,md,8,,,,us,usp000bb12,2014-11-07T01:16:21.875Z,"5 km N of Nicolosi, Italy",earthquake,,,,,reviewed,rom,rom
2002-08-31T21:27:22.200Z,37.698,14.988,5,2.9,md,11,,,,us,usp000bb0v,2014-11-07T01:16:21.841Z,"7 km NNE of Ragalna, Italy",earthquake,,,,,reviewed,rom,rom
2002-08-31T21:18:49.900Z,37.686,14.994,5,3,md,12,,,,us,usp000bb0u,2014-11-07T01:16:21.840Z,"7 km NE of Ragalna, Italy",earthquake,,,,,reviewed,rom,rom
2002-08-23T20:31:32.900Z,38.367,14.893,16.9,2.7,md,5,,,,us,usp000bagh,2014-11-07T01:16:19.580Z,"12 km SSW of Pianoconte, Italy",earthquake,,,,,reviewed,rom,rom
2002-08-22T05:34:40.900Z,38.369,14.737,228.3,3.1,md,15,,,,us,usp000bad0,2014-11-07T01:16:18.442Z,"20 km SW of Pianoconte, Italy",earthquake,,,,,reviewed,rom,rom
2002-08-21T03:54:38.800Z,38.246,15.02,6.8,2.5,md,7,,,,us,usp000baat,2014-11-07T01:16:18.168Z,"10 km NE of San Giorgio, Italy",earthquake,,,,,reviewed,rom,rom
2002-08-19T15:03:23.600Z,37.697,14.967,5,2.8,md,9,,,,us,usp000ba7a,2014-11-07T01:16:17.840Z,"7 km NNE of Ragalna, Italy",earthquake,,,,,reviewed,rom,rom
2002-08-19T14:57:59.700Z,37.721,14.963,5,2.7,md,8,,,,us,usp000ba79,2014-11-07T01:16:17.839Z,"9 km N of Ragalna, Italy",earthquake,,,,,reviewed,rom,rom
2002-08-19T12:05:21.700Z,37.708,14.965,5,2.8,md,10,,,,us,usp000ba6s,2014-11-07T01:16:17.760Z,"8 km N of Ragalna, Italy",earthquake,,,,,reviewed,rom,rom
2002-08-18T12:24:10.900Z,38.835,15.924,193.4,2.7,md,9,,,,us,usp000ba4q,2014-11-07T01:16:17.457Z,"15 km NW of Briatico, Italy",earthquake,,,,,reviewed,rom,rom
2002-08-18T08:49:59.300Z,38.358,15.504,121.4,2.6,md,8,,,,us,usp000ba4d,2014-11-07T01:16:17.429Z,"7 km NNW of Sparta', Italy",earthquake,,,,,reviewed,rom,rom
2002-08-13T05:29:43.300Z,37.842,14.667,5,3.2,md,18,,,,us,usp000b9t9,2014-11-07T01:16:15.481Z,"2 km WSW of San Teodoro, Italy",earthquake,,,,,reviewed,rom,rom
2002-08-13T02:35:50.000Z,37.84,14.662,5,2.5,md,5,,,,us,usp000b9sy,2014-11-07T01:16:15.420Z,"3 km WSW of San Teodoro, Italy",earthquake,,,,,reviewed,rom,rom
2002-08-13T02:30:20.600Z,37.829,14.656,5,3.4,md,24,,,,us,usp000b9sx,2014-11-07T01:16:15.416Z,"4 km WSW of San Teodoro, Italy",earthquake,,,,,reviewed,rom,rom
2002-08-13T00:03:35.200Z,37.808,14.632,2.9,2.5,md,7,,,,us,usp000b9sq,2014-11-07T01:16:15.394Z,"4 km NE of Troina / Draginai, Italy",earthquake,,,,,reviewed,rom,rom
2002-08-01T21:17:17.700Z,39.353,15.801,5,2.6,md,7,,,,us,usp000b951,2014-11-07T01:16:10.937Z,"19 km WSW of Scarcelli, Italy",earthquake,,,,,reviewed,rom,rom
2002-07-29T01:54:17.100Z,38.136,15.159,22.4,2.6,md,4,,,,us,usp000b8yt,2014-11-07T01:16:07.418Z,"0 km E of Terme, Italy",earthquake,,,,,reviewed,rom,rom
2002-07-21T22:06:30.200Z,38.503,15.194,126.1,2.5,md,5,,,,us,usp000b8hm,2014-11-07T01:16:05.782Z,"20 km E of Canneto, Italy",earthquake,,,,,reviewed,rom,rom
2002-07-09T23:15:36.700Z,37.571,15.196,5,2.8,md,7,,,,us,usp000b7uf,2014-11-07T01:16:02.235Z,"3 km ENE of Aci Trezza, Italy",earthquake,,,,,reviewed,rom,rom
2002-07-09T04:46:07.800Z,37.598,15.055,5,3,md,12,,,,us,usp000b7sr,2014-11-07T01:16:02.040Z,"2 km N of Mascalucia, Italy",earthquake,,,,,reviewed,rom,rom
2002-07-09T01:32:16.000Z,37.958,14.662,9.4,2.8,md,16,,,,us,usp000b7s9,2014-11-07T01:16:01.988Z,"7 km SSW of Alcara Li Fusi, Italy",earthquake,,,,,reviewed,rom,rom
2002-07-07T23:37:40.500Z,37.606,15.088,5,2.7,md,8,,,,us,usp000b7q7,2014-11-07T01:16:01.723Z,"1 km WSW of Viagrande, Italy",earthquake,,,,,reviewed,rom,rom
2002-06-26T03:12:24.500Z,37.758,15.706,22.7,2.7,md,9,,,,us,usp000b6y1,2014-11-07T01:15:53.465Z,"19 km SSW of Melito di Porto Salvo, Italy",earthquake,,,,,reviewed,rom,rom
2002-06-25T12:04:57.400Z,38.167,15.181,10,2.5,md,6,,,,us,usp000b6wm,2014-11-07T01:15:53.250Z,"3 km NW of Barcellona Pozzo di Gotto, Italy",earthquake,,,,,reviewed,rom,rom
2002-06-24T02:14:46.900Z,38.853,15.788,197.9,2.5,md,4,,,,us,usp000b6tu,2014-11-07T01:15:52.931Z,"21 km NNW of Tropea, Italy",earthquake,,,,,reviewed,rom,rom
2002-06-23T02:33:51.800Z,38.647,14.116,5,3,md,12,,,,us,usp000b6rs,2014-11-07T01:15:52.688Z,"62 km W of Leni, Italy",earthquake,,,,,reviewed,rom,rom
2002-06-22T14:34:50.220Z,38.119,14.872,154.5,3.2,md,21,,,0.8,us,usp000b6qs,2014-11-07T01:15:52.611Z,"1 km WNW of Sant'Angelo di Brolo, Italy",earthquake,,5.2,,,reviewed,us,rom
2002-06-19T15:28:10.100Z,38.978,15.889,134.1,3.4,mb,38,,,,us,usp000b6gg,2014-11-07T01:15:51.659Z,"20 km WSW of Nocera Scalo, Italy",earthquake,,,,1,reviewed,rom,us
2002-06-17T13:05:32.400Z,38.065,16.235,40.1,2.5,md,4,,,,us,usp000b6be,2014-11-07T01:15:50.867Z,"7 km ESE of Bianco, Italy",earthquake,,,,,reviewed,rom,rom
2002-06-15T00:41:41.400Z,37.653,15.075,5,2.5,md,6,,,,us,usp000b66c,2014-11-07T01:15:50.104Z,"2 km WNW of Lavinaio-Monterosso, Italy",earthquake,,,,,reviewed,rom,rom
2002-06-13T15:06:25.300Z,37.735,15.002,5,2.5,md,9,,,,us,usp000b63b,2014-11-07T01:15:49.656Z,"10 km W of Milo, Italy",earthquake,,,,,reviewed,rom,rom
2002-06-12T05:24:09.400Z,39.326,15.713,5,3.4,md,32,,,,us,usp000b60d,2014-11-07T01:15:49.122Z,"27 km WSW of Scarcelli, Italy",earthquake,,,,,reviewed,rom,pdg
2002-06-12T05:20:46.900Z,39.394,15.817,10,2.6,md,7,,,,us,usp000b60c,2014-11-07T01:15:49.121Z,"16 km WSW of Marina, Italy",earthquake,,,,,reviewed,rom,rom
2002-06-11T19:50:53.800Z,39.351,15.703,5,2.7,md,8,,,,us,usp000b5z9,2014-11-07T01:15:49.013Z,"26 km SW of Acquappesa, Italy",earthquake,,,,,reviewed,rom,rom
2002-06-11T07:13:11.900Z,39.352,15.706,5,2.9,md,8,,,,us,usp000b5yh,2014-11-07T01:15:48.919Z,"26 km SW of Acquappesa, Italy",earthquake,,,,,reviewed,rom,rom
2002-06-10T23:34:41.100Z,39.325,15.678,5,3.1,md,17,,,,us,usp000b5xt,2014-11-07T01:15:48.788Z,"30 km WSW of Marina, Italy",earthquake,,,,,reviewed,rom,rom
2002-06-10T19:14:00.300Z,38.443,15.086,9.7,2.9,md,16,,,,us,usp000b5x3,2014-11-07T01:15:48.550Z,"11 km ESE of Lipari, Italy",earthquake,,,,,reviewed,rom,rom
2002-06-10T08:58:51.600Z,39.393,15.698,11.2,2.5,md,6,,,,us,usp000b5wb,2014-11-07T01:15:48.439Z,"23 km SW of Cittadella del Capo, Italy",earthquake,,,,,reviewed,rom,rom
2002-06-07T07:06:06.200Z,38.552,14.491,15.6,3.1,md,9,,,,us,usp000b5pt,2014-11-07T01:15:46.986Z,"29 km W of Leni, Italy",earthquake,,,,,reviewed,rom,rom
2002-06-05T17:40:35.600Z,38.46,15.453,127.3,2.7,md,6,,,,us,usp000b5k6,2014-11-07T01:15:46.430Z,"19 km NNW of Sparta', Italy",earthquake,,,,,reviewed,rom,rom
2002-06-04T13:43:17.600Z,37.635,14.416,26.2,2.5,md,10,,,,us,usp000b5h2,2014-11-07T01:15:45.835Z,"1 km N of Assoro, Italy",earthquake,,,,,reviewed,rom,rom
2002-06-03T00:17:23.900Z,37.915,14.609,11.6,2.8,md,17,,,,us,usp000b5ew,2014-11-07T01:15:45.301Z,"10 km NW of San Teodoro, Italy",earthquake,,,,,reviewed,rom,rom
2002-05-24T02:50:48.000Z,37.422,15.198,10,2.5,md,7,,,,us,usp000b4vk,2014-11-07T01:15:39.757Z,"13 km SE of Catania, Italy",earthquake,,,,,reviewed,rom,rom
2002-05-16T17:19:40.200Z,38.184,14.791,128.5,2.6,md,5,,,,us,usp000b4em,2014-11-07T01:15:37.973Z,"4 km NW of Brolo, Italy",earthquake,,,,,reviewed,rom,rom
2002-05-15T22:29:29.600Z,38.495,14.575,5,2.9,md,4,,,,us,usp000b4cx,2014-11-07T01:15:37.775Z,"22 km WSW of Leni, Italy",earthquake,,,,,reviewed,rom,rom
2002-05-14T13:44:40.400Z,38.896,15.939,22.2,2.8,md,8,,,,us,usp000b4ag,2014-11-07T01:15:37.453Z,"20 km WSW of Falerna Scalo, Italy",earthquake,,,,,reviewed,rom,rom
2002-05-11T20:51:49.400Z,37.789,14.931,5,2.5,md,8,,,,us,usp000b450,2014-11-07T01:15:36.824Z,"7 km SE of Maletto, Italy",earthquake,,,,,reviewed,rom,rom
2002-05-07T04:57:19.200Z,38.676,15.359,124.5,2.6,md,6,,,,us,usp000b3wa,2014-11-07T01:15:35.380Z,"40 km ENE of Canneto, Italy",earthquake,,,,,reviewed,rom,rom
2002-05-05T21:14:17.400Z,37.997,16.055,64.6,2.9,md,17,,,,us,usp000b3tm,2014-11-07T01:15:35.037Z,"1 km E of Staiti, Italy",earthquake,,,,,reviewed,rom,rom
2002-05-03T12:07:17.400Z,37.766,14.912,10,2.7,md,7,,,,us,usp000b3n7,2014-11-07T01:15:33.710Z,"7 km ESE of Bronte, Italy",earthquake,,,,,reviewed,rom,rom
2002-04-28T08:12:29.400Z,38.347,15.481,125.8,2.9,md,11,,,,us,usp000b3as,2014-11-07T01:15:29.201Z,"7 km NW of Sparta', Italy",earthquake,,,,,reviewed,rom,rom
2002-04-25T03:09:56.500Z,38.172,14.856,119.6,2.7,md,9,,,,us,usp000b34g,2014-11-07T01:15:28.378Z,"1 km NE of Gliaca, Italy",earthquake,,,,,reviewed,rom,rom
2002-04-23T02:58:37.800Z,38.458,15.573,139.9,2.6,md,4,,,,us,usp000b2zf,2014-11-07T01:15:27.495Z,"18 km N of Sparta', Italy",earthquake,,,,,reviewed,rom,rom
2002-04-21T14:40:53.500Z,37.461,15.145,5,2.5,md,7,,,,us,usp000b2ws,2014-11-07T01:15:27.180Z,"7 km ESE of Catania, Italy",earthquake,,,,,reviewed,rom,rom
2002-04-15T07:56:33.230Z,38.853,15.335,10,3.6,ml,6,,,,us,usp000b2eh,2014-11-07T01:15:25.408Z,"50 km WNW of Santa Domenica, Italy",earthquake,,,,,reviewed,rom,rom
2002-04-14T02:28:20.200Z,38.167,15.848,10,3.2,md,24,,,,us,usp000b2c1,2014-11-07T01:15:24.852Z,"5 km E of Santo Stefano in Aspromonte, Italy",earthquake,,,,,reviewed,rom,rom
2002-04-13T08:59:51.900Z,37.679,15.13,5,2.7,md,17,,,,us,usp000b2aj,2014-11-07T01:15:24.545Z,"1 km SSW of Santa Venerina, Italy",earthquake,,,,,reviewed,rom,rom
2002-04-12T19:59:21.500Z,37.924,15.214,6,2.9,md,9,,,,us,usp000b29n,2014-11-07T01:15:24.446Z,"3 km NNW of Graniti, Italy",earthquake,,,,,reviewed,rom,rom
2002-04-11T05:42:53.300Z,38.896,15.603,5.8,2.5,md,6,,,,us,usp000b25z,2014-11-07T01:15:23.921Z,"Sicily, Italy",earthquake,,,,,reviewed,rom,rom
2002-04-09T20:52:18.100Z,38.411,15.104,5.6,3,md,11,,,,us,usp000b22e,2014-11-07T01:15:23.403Z,"14 km ESE of Lipari, Italy",earthquake,,,,,reviewed,rom,rom
2002-04-05T04:52:23.540Z,38.478,14.739,10,4.1,md,155,,,,us,usp000b1rj,2014-11-07T01:15:21.209Z,"11 km SW of Leni, Italy",earthquake,,,,,reviewed,rom,pdg
2002-04-05T04:51:24.500Z,38.508,15.068,10,3.9,md,66,,,,us,usp000b1rh,2014-11-07T01:15:21.196Z,"9 km E of Canneto, Italy",earthquake,,,,,reviewed,rom,pdg
2002-03-26T00:13:46.400Z,37.821,16.271,5,2.6,md,5,,,,us,usp000b126,2014-11-07T01:15:14.180Z,"21 km SE of Weather Station, Italy",earthquake,,,,,reviewed,rom,rom
2002-03-24T23:04:06.500Z,37.667,15.11,5,2.7,md,18,,,,us,usp000b0ze,2014-11-07T01:15:13.846Z,"1 km SSE of Zafferana Etnea, Italy",earthquake,,,,,reviewed,rom,rom
2002-03-21T01:32:23.900Z,39.17,15.801,22.2,2.6,md,9,,,,us,usp000b0rv,2014-11-07T01:15:12.608Z,"24 km W of Longobardi, Italy",earthquake,,,,,reviewed,rom,rom
2002-03-13T22:38:00.800Z,38.497,14.775,13,3.3,md,20,,,,us,usp000b08j,2014-11-07T01:15:08.055Z,"7 km SW of Leni, Italy",earthquake,,,,,reviewed,rom,rom
2002-03-10T12:39:40.660Z,39.133,15.278,278.2,4,mb,152,,,1.18,us,usp000b01v,2014-11-07T01:15:07.227Z,"68 km W of Amantea, Italy",earthquake,,2.7,,12,reviewed,us,us
2002-03-08T21:59:30.200Z,38.487,14.515,10,2.6,md,6,,,,us,usp000azyx,2014-11-07T01:15:06.244Z,"28 km WSW of Leni, Italy",earthquake,,,,,reviewed,rom,rom
2002-03-07T00:48:59.200Z,39.266,16.368,10.1,3,md,16,,,,us,usp000azuh,2014-11-07T01:15:05.571Z,"2 km SE of Serra Pedace, Italy",earthquake,,,,,reviewed,rom,rom
2002-02-23T16:10:45.400Z,38.12,15.112,6,2.5,md,12,,,,us,usp000az16,2014-11-07T01:14:57.485Z,"0 km SSW of Tonnarella, Italy",earthquake,,,,,reviewed,rom,rom
2002-02-21T02:12:50.530Z,37.502,15.388,10,3.1,ml,22,,,,us,usp000ayva,2014-11-07T01:14:56.890Z,"21 km ESE of Acitrezza, Italy",earthquake,,,,,reviewed,rom,rom
2002-02-19T11:19:49.200Z,37.701,14.883,6.7,2.7,md,11,,,,us,usp000ays1,2014-11-07T01:14:56.460Z,"6 km NE of Adrano, Italy",earthquake,,,,,reviewed,rom,rom
2002-02-14T02:31:21.200Z,38.743,15.604,194.6,2.8,md,15,,,,us,usp000aye2,2014-11-07T01:14:54.841Z,"24 km WNW of Santa Domenica, Italy",earthquake,,,,,reviewed,rom,rom
2002-02-10T20:11:33.600Z,39.114,15.411,297.9,3.8,mb,47,,,,us,usp000ay64,2014-11-07T01:14:53.925Z,"57 km W of Amantea, Italy",earthquake,,,,5,reviewed,rom,us
2002-02-09T23:21:04.400Z,37.835,15.529,10,2.6,md,6,,,,us,usp000ay3t,2014-11-07T01:14:53.736Z,"18 km ESE of Sant'Alessio Siculo, Italy",earthquake,,,,,reviewed,rom,rom
2002-02-06T09:44:37.400Z,37.827,15.626,10,2.6,md,8,,,,us,usp000axwz,2014-11-07T01:14:53.025Z,"14 km SSW of Saline Ioniche, Italy",earthquake,,,,,reviewed,rom,rom
